Model,RMSE,R²
Linear Regression,2.2134119816076017,-0.016989490810566776
Random Forest,2.25357529395699,-0.05423176474005231
Decision Tree,3.3321954224404866,-1.3049041981308078
Gradient Boosting,2.3415713551549175,-0.13816898083928808
Support Vector Regressor,2.2787431398468594,-0.07791049515990611
K-Nearest Neighbors,2.381040131259166,-0.1768615734362713
XGBoost,2.5551498639517574,-0.35526651035870227
LightGBM,2.417745344741262,-0.21342534964241455
